"global_id";"ObjectName";"NameWinter";"PhotoWinter";"AdmArea";"District";"Address";"Email";"WebSite";"HelpPhone";"HelpPhoneExtension";"WorkingHoursWinter";"ClarificationOfWorkingHoursWinter";"HasEquipmentRental";"EquipmentRentalComments";"HasTechService";"TechServiceComments";"HasDressingRoom";"HasEatery";"HasToilet";"HasWifi";"HasCashMachine";"HasFirstAidPost";"HasMusic";"UsagePeriodWinter";"DimensionsWinter";"Lighting";"SurfaceTypeWinter";"Seats";"Paid";"PaidComments";"DisabilityFriendly";"ServicesWinter";"geoData";"geodata_center";"geoarea";
"global_id";"Название спортивного объекта";"Название спортивной зоны в зимний период";"Фотография в зимний период";"Административный округ";"Район";"Адрес";"Адрес электронной почты";"Адрес сайта";"Справочный телефон";"Добавочный номер";"График работы в зимний период";"Уточнение графика работы в зимний период";"Возможность проката оборудования";"Комментарии для проката оборудования";"Наличие сервиса технического обслуживания";"Комментарии для сервиса технического обслуживания";"Наличие раздевалки";"Наличие точки питания";"Наличие туалета";"Наличие точки Wi-Fi";"Наличие банкомата";"Наличие медпункта";"Наличие звукового сопровождения";"Период эксплуатации в зимний период";"Размеры в зимний период";"Освещение";"Покрытие в зимний период";"Количество оборудованных посадочных мест";"Форма посещения (платность)";"Комментарии к стоимости посещения";"Приспособленность для занятий инвалидов";"Услуги предоставляемые в зимний период";"geoData";"geodata_center";"geoarea";
"688502373";"Парк Победы на Поклонной горе";"ледяная горка";"1cc63c42-2d0b-4bdf-8c31-534d0dd6305c";"Западный административный округ";"район Дорогомилово";"площадь Победы, дом 3, строение 2";"info@poklonnaya-gora.ru";"wikiway.com/russia/moskva/poklonnaya-gora/";"(499) 148-83-00";"";"понедельник 11:30-22:00,вторник 11:30-22:00,среда 11:30-22:00,четверг 11:30-22:00,пятница 11:30-22:00,суббота 11:30-22:00,воскресенье закрыто";"";"нет";"";"нет";"";"нет";"да";"да";"да";"нет";"нет";"нет";"28.12-12.01";"30 20 1.5";"освещение светодиодными лампами";"натуральный лед";"0";"бесплатно";"";"";"общая физическая подготовка";"{""coordinates"":[37.5170644460978,55.7340703123061],""type"":""Point""}";"";"";
"688502507";"Коломенская набережная";"ледяная горка в парке";"02351849-9d22-4dcb-a148-162e77651751";"Южный административный округ";"район Нагатинский Затон";"Коломенская набережная, дом 6, корпус 1";"sportzaton@mail.ru";"uao.mos.ru";"(499) 614-76-21";"";"понедельник 08:00-22:00,вторник 08:00-22:00,среда 08:00-22:00,четверг 08:00-22:00,пятница 08:00-22:00,суббота 08:00-22:00,воскресенье 08:00-22:00";"";"нет";"";"нет";"";"нет";"нет";"нет";"нет";"нет";"нет";"нет";"01.12-31.03";"32 8 4";"смешанное освещение";"натуральный лед";"0";"бесплатно";"";"";"общая физическая подготовка";"{""coordinates"":[37.7086119698401,55.6814079995974],""type"":""Point""}";"";"";
"688502563";"Парк, озелененная городская территория «Парк 850-летия»";"ледяная горка в парке";"820bba53-81fd-4a12-96ae-168bcb485cde";"Юго-Восточный административный округ";"район Марьино";"Поречная улица, дом 13, корпус 1";"park850@mail.ru";"parkseason.ru/parki-moskvi/park-850-letiya-moskvy/";"(495) 657-45-05";"";"понедельник 10:00-22:00,вторник 10:00-22:00,среда 10:00-22:00,четверг 10:00-22:00,пятница 10:00-22:00,суббота 10:00-22:00,воскресенье закрыто";"";"нет";"";"нет";"";"да";"да";"да";"нет";"нет";"нет";"да";"01.11-31.03";"200 20 10";"без дополнительного освещения";"натуральный лед";"0";"бесплатно";"";"";"общая физическая подготовка";"{""coordinates"":[37.755768259552,55.6437911867663],""type"":""Point""}";"";"";
"688505643";"Парк народный «Северный Хапиловский сквер»";"ледяная горка";"217321d8-3124-448a-bafc-f6cd9a7ca42c";"Восточный административный округ";"район Преображенское";"улица Преображенский Вал, дом 24, корпус 3";"1505@edu.mos.ru";"www.ukpreobrazhenskoe.ru/";"(499) 161-31-61";"";"понедельник 08:00-22:00,вторник 08:00-22:00,среда 08:00-22:00,четверг 08:00-22:00,пятница 08:00-22:00,суббота 08:00-22:00,воскресенье закрыто";"";"нет";"";"нет";"";"нет";"нет";"нет";"нет";"нет";"нет";"нет";"01.12-31.03";"7.5 5 1.5";"без дополнительного освещения";"натуральный лед";"0";"бесплатно";"";"";"общая физическая подготовка";"{""coordinates"":[37.7152611269444,55.7901750631777],""type"":""Point""}";"";"";
"688505673";"Парк, озелененная городская территория";"ледяная горка в парке";"f56eb8db-23ce-4534-beda-857bceab8f8b";"Южный административный округ";"район Зябликово";"улица Мусы Джалиля, дом 2";"Sozbk@uao.mos.ru";"zyablikovo.mos.ru";"(495) 396-15-76";"";"понедельник 09:00-22:00,вторник 09:00-22:00,среда 09:00-22:00,четверг 09:00-22:00,пятница 09:00-22:00,суббота 09:00-22:00,воскресенье 09:00-22:00";"";"нет";"";"нет";"";"нет";"нет";"нет";"нет";"нет";"нет";"нет";"01.12-31.03";"12 6 2";"без дополнительного освещения";"натуральный лед";"0";"бесплатно";"";"";"общая физическая подготовка";"{""coordinates"":[37.7364110547621,55.6303164446141],""type"":""Point""}";"";"";
"707709392";"Ледяная естественная горка";"Ледяная естественная горка";"2aacd740-b9bf-4447-b1f7-956aa606bcec";"Юго-Восточный административный округ";"район Люблино";"улица Марьинский Парк, дом 41, корпус 1";"";"lublino.mos.ru/";"(495) 657-45-12";"";"понедельник круглосуточно,вторник круглосуточно,среда круглосуточно,четверг круглосуточно,пятница круглосуточно,суббота круглосуточно,воскресенье закрыто";"";"нет";"";"нет";"";"нет";"нет";"нет";"нет";"нет";"нет";"нет";"01.12-31.03";"30 20 1.5";"без дополнительного освещения";"натуральный снег";"0";"бесплатно";"";"";"общая физическая подготовка";"{""coordinates"":[37.7934869316611,55.6696248488917],""type"":""Point""}";"";"";
"901350032";"Народный парк «Кожуховский»";"ледяная горка";"311a5496-bb00-4ed7-b8bd-8055132f0e02";"Южный административный округ";"Даниловский район";"улица Лобанова, дом 5";"";"danilovsky.mos.ru";"(495) 952-70-75";"";"понедельник 09:00-22:00,вторник 09:00-22:00,среда 09:00-22:00,четверг 09:00-22:00,пятница 09:00-22:00,суббота 09:00-22:00,воскресенье 09:00-22:00";"";"нет";"";"нет";"";"нет";"нет";"нет";"нет";"нет";"нет";"нет";"01.12-31.03";"28 14 2";"без дополнительного освещения";"натуральный лед";"0";"бесплатно";"";"";"общая физическая подготовка";"{""coordinates"":[37.6630227430355,55.7009142746895],""type"":""Point""}";"";"";
"901350057";"Парк (особо охраняемая природная территория) «Природно-исторический парк «Москворецкий»";"ледяная горка №1";"e0750a91-af7b-40f8-92ec-f9a70525b722";"Западный административный округ";"район Крылатское";"Крылатская улица, дом 28";"mospriroda@eco.mos.ru";"www.mospriroda.ru";"(499) 739-27-05";"";"понедельник 09:00-22:00,вторник 09:00-22:00,среда 09:00-22:00,четверг 09:00-22:00,пятница 09:00-22:00,суббота 09:00-22:00,воскресенье закрыто";"";"да";"тюбинги (бублики, пончики, тобогганы), прокат, платно, зима ";"нет";"";"нет";"нет";"да";"нет";"нет";"нет";"нет";"01.12-31.03";"45 18 2.5";"смешанное освещение";"натуральный лед";"0";"бесплатно";"";"";"общая физическая подготовка";"{""coordinates"":[37.4346223950644,55.7711554077791],""type"":""Point""}";"";"";
"901350059";"Парк (особо охраняемая природная территория) «Природно-исторический парк «Москворецкий»";"ледяная горка №2";"c80202ba-7d5d-4cf8-a30b-605f7c484bc5";"Западный административный округ";"район Крылатское";"Крылатская улица, дом 28";"mospriroda@eco.mos.ru";"www.mospriroda.ru";"(499) 739-27-05";"";"понедельник 09:00-22:00,вторник 09:00-22:00,среда 09:00-22:00,четверг 09:00-22:00,пятница 09:00-22:00,суббота 09:00-22:00,воскресенье закрыто";"";"да";"тюбинги (бублики, пончики, тобогганы), прокат, платно, зима ";"нет";"";"нет";"нет";"да";"нет";"нет";"нет";"нет";"01.12-31.03";"45 18 2.5";"смешанное освещение";"натуральный лед";"0";"бесплатно";"";"";"общая физическая подготовка";"{""coordinates"":[37.4131996231111,55.7728854051747],""type"":""Point""}";"";"";
"903943179";"Парк, озелененная городская территория «Выставка достижений народного хозяйства (ВДНХ)»";"ледяная горка, «Тюбинговая горка Север»";"1917de34-0f86-4745-9cd2-0abd6d5ad3da";"Северо-Восточный административный округ";"Останкинский район";"проспект Мира, дом 119, строение 6";"info@vvcentre.ru";"vdnh.ru";"(495) 974-33-66";"";"понедельник 11:00-23:00,вторник 11:00-23:00,среда 11:00-23:00,четверг 11:00-23:00,пятница 11:00-23:00,суббота 10:00-23:00,воскресенье закрыто";"";"нет";"";"да";"";"да";"да";"да";"да";"да";"да";"да";"27.11-31.03";"960 80 12";"смешанное освещение";"искусственный лед";"0";"платно";"";"";"общая физическая подготовка";"{""coordinates"":[37.6403566257345,55.8277205416326],""type"":""Point""}";"";"";
"1074807306";"Дворовая территория";"ледяная горка на дворовой территории";"af5f1052-6859-4123-b7d7-1bd045cb5cc6";"Юго-Западный административный округ";"район Ясенево";"проезд Одоевского, дом 11, корпус 7";"soc.yasenevo@mail.ru";"yasenevo.mos.ru";"(495) 422-02-33";"";"понедельник 08:00-17:00,вторник 08:00-17:00,среда 08:00-17:00,четверг 08:00-17:00,пятница 08:00-17:00,суббота 08:00-17:00,воскресенье 08:00-17:00";"";"нет";"";"нет";"";"нет";"нет";"нет";"нет";"нет";"нет";"нет";"01.12-31.03";"45 15 3";"без дополнительного освещения";"натуральный лед";"0";"бесплатно";"";"";"общая физическая подготовка";"{""coordinates"":[37.5129163191616,55.5988269769274],""type"":""Point""}";"";"";
"1075330285";"Комплекс спортивных сооружений «военная часть №61899»";"ледяная горка";"c4a21267-6819-4eab-89e9-4fe91a02f327";"Новомосковский административный округ";"поселение ""Мосрентген""";"посёлок завода Мосрентген, дом 39";"mosrentgen@mos.ru";"adm-mosrentgen.ru";"(495) 540-59-93";"";"понедельник 08:00-22:00,вторник 08:00-22:00,среда 08:00-22:00,четверг 08:00-22:00,пятница 08:00-22:00,суббота 08:00-22:00,воскресенье закрыто";"";"нет";"";"нет";"";"нет";"нет";"нет";"нет";"нет";"нет";"да";"01.12-31.03";"45 15 3";"без дополнительного освещения";"натуральный лед";"0";"бесплатно";"";"";"общая физическая подготовка";"{""coordinates"":[37.4760399863983,55.6192486199171],""type"":""Point""}";"";"";
"1150269655";"Дворовая территория";"ледяная горка на дворовой территории";"1548e14e-2889-4941-8b24-65881becd322";"Центральный административный округ";"район Хамовники";"2-я Фрунзенская улица, дом 9";"gbu.zhilishnik.hamovniki@gmail.com";"gbu-hamovniki.ru/";"(499) 242-52-04";"";"понедельник 10:00-22:00,вторник 10:00-22:00,среда 10:00-22:00,четверг 10:00-22:00,пятница 10:00-22:00,суббота 10:00-22:00,воскресенье 10:00-22:00";"";"нет";"";"нет";"";"нет";"нет";"нет";"нет";"нет";"нет";"нет";"01.11-31.03";"6 5 1.2";"освещение газоразрядными лампами";"натуральный лед";"0";"бесплатно";"";"";"общая физическая подготовка";"{""coordinates"":[37.579969776713,55.7222031897281],""type"":""Point""}";"";"";
"1266752317";"Дворовая территория";"ледяная горка на дворовой территории";"dc8ed24b-e4fb-4058-bb25-1a04f5c97f1d";"Восточный административный округ";"район Гольяново";"Красноярская улица, дом 1, корпус 1";"info@post.gbugol.ru";"golyanovo.mos.ru/";"(495) 469-82-81";"";"понедельник 07:00-22:00,вторник 07:00-22:00,среда 07:00-22:00,четверг 07:00-22:00,пятница 07:00-22:00,суббота 07:00-22:00,воскресенье 07:00-22:00";"";"нет";"";"нет";"";"нет";"нет";"нет";"нет";"нет";"нет";"нет";"01.12-31.03";"4.5 3 1.5";"без дополнительного освещения";"натуральный лед";"0";"бесплатно";"";"";"общая физическая подготовка";"{""coordinates"":[37.8344235932541,55.8161668728284],""type"":""Point""}";"";"";
"1266752346";"Дворовая территория";"ледяная горка на дворовой территории";"54ff8924-0f76-4869-8743-3b95c7a67719";"Южный административный округ";"район Чертаново Северное";"Кировоградская улица, дом 4, корпус 1";"sonch@mos.ru";"chertanovo-severnoe.mos.ru/";"(495) 315-50-36";"";"понедельник 09:00-22:00,вторник 09:00-22:00,среда 09:00-22:00,четверг 09:00-22:00,пятница 09:00-22:00,суббота 09:00-22:00,воскресенье закрыто";"";"нет";"";"нет";"";"нет";"нет";"нет";"нет";"нет";"нет";"нет";"01.12-28.02";"30 15 2";"без дополнительного освещения";"натуральный лед";"0";"бесплатно";"";"";"общая физическая подготовка";"{""coordinates"":[37.6104176009514,55.6304118908911],""type"":""Point""}";"";"";
"1266752414";"Дворовая территория";"ледяная горка";"8264af62-07ab-47e7-bf82-4f6e8f10eb19";"Юго-Западный административный округ";"Ломоносовский район";"улица Крупской, дом 1";"uzao-lomonos@mos.ru";"lomonosovsky.mos.ru";"(499) 783-84-23";"";"понедельник 09:00-21:00,вторник 09:00-21:00,среда 09:00-21:00,четверг 09:00-21:00,пятница 09:00-21:00,суббота 09:00-21:00,воскресенье 09:00-21:00";"";"нет";"";"нет";"";"да";"да";"да";"нет";"нет";"да";"да";"01.12-31.03";"7.5 5 1.5";"смешанное освещение";"натуральный лед";"0";"бесплатно";"";"";"общая физическая подготовка";"{""coordinates"":[37.5317040579274,55.6793526083367],""type"":""Point""}";"";"";
"1266752417";"Дворовая территория";"ледяная горка";"113db90f-d262-4688-9fbf-221b3526c7ef";"Юго-Восточный административный округ";"район Печатники";"улица Полбина, дом 52";"sd.pechatniki@gmail.com";"pechatniki.mos.ru";"(495) 354-28-08";"";"понедельник 09:00-21:00,вторник 09:00-21:00,среда 09:00-21:00,четверг 09:00-21:00,пятница 09:00-21:00,суббота 09:00-21:00,воскресенье закрыто";"";"нет";"";"нет";"";"нет";"нет";"нет";"нет";"нет";"нет";"нет";"01.12-31.03";"15 10 1.5";"смешанное освещение";"натуральный лед";"0";"бесплатно";"";"";"общая физическая подготовка";"{""coordinates"":[37.7243364482228,55.6764402820011],""type"":""Point""}";"";"";
"1266752473";"Дворовая территория";"ледяная горка на дворовой территории";"cbf197cd-5b83-4047-85fb-65735084e2d3";"Юго-Восточный административный округ";"район Выхино-Жулебино";"улица Авиаконструктора Миля, дом 5, корпус 1";"vh@uvao.mos.ru";"vyhino-zhulebino.mos.ru";"(495) 376-46-86";"";"понедельник 08:00-22:00,вторник 08:00-22:00,среда 08:00-22:00,четверг 08:00-22:00,пятница 08:00-22:00,суббота 08:00-22:00,воскресенье закрыто";"";"нет";"";"нет";"";"нет";"нет";"нет";"нет";"нет";"нет";"нет";"01.12-31.03";"3 3 1";"без дополнительного освещения";"натуральный лед";"0";"бесплатно";"";"";"общая физическая подготовка";"{""coordinates"":[37.8534158121643,55.6865346456291],""type"":""Point""}";"";"";
"1266752482";"Дворовая территория";"ледяная горка";"fcb33036-778f-4f56-9e24-1add622062da";"Юго-Восточный административный округ";"район Выхино-Жулебино";"Привольная улица, дом 39, корпус 1";"vh@uvao.mos.ru";"vyhino-zhulebino.mos.ru/";"(495) 376-46-86";"";"понедельник 08:00-23:00,вторник 08:00-23:00,среда 08:00-23:00,четверг 08:00-23:00,пятница 08:00-23:00,суббота 08:00-23:00,воскресенье закрыто";"";"нет";"";"нет";"";"нет";"нет";"нет";"нет";"нет";"нет";"нет";"01.12-31.03";"60 20 3";"без дополнительного освещения";"натуральный лед";"0";"бесплатно";"";"";"общая физическая подготовка";"{""coordinates"":[37.8493741716194,55.6905670568931],""type"":""Point""}";"";"";
"1266752844";"Дворовая территория";"ледяная горка на дворовой территории";"8588ab19-1830-4e26-ba1b-bde217d46ff3";"Центральный административный округ";"Таганский район";"Новоспасский переулок, дом 3, корпус 1";"ur_tagansky@mos.ru";"tagan.mos.ru";"(495) 911-12-81";"";"понедельник 09:00-22:00,вторник 09:00-22:00,среда 09:00-22:00,четверг 09:00-22:00,пятница 09:00-22:00,суббота 09:00-22:00,воскресенье закрыто";"";"нет";"";"нет";"";"нет";"нет";"нет";"нет";"нет";"нет";"нет";"01.12-31.03";"10 5 2";"смешанное освещение";"натуральный лед";"0";"бесплатно";"";"";"общая физическая подготовка";"{""coordinates"":[37.6556457331982,55.7341044774675],""type"":""Point""}";"";"";
"1266752868";"Дворовая территория";"ледяная горка на дворовой территории";"5f8ac3d5-27f6-40c1-adf9-aac45b60a556";"Центральный административный округ";"Таганский район";"Стройковская улица, дом 2";"ur_tagansky@mos.ru";"tagan.mos.ru";"(495) 911-12-81";"";"понедельник 09:00-22:00,вторник 09:00-22:00,среда 09:00-22:00,четверг 09:00-22:00,пятница 09:00-22:00,суббота 10:00-22:00,воскресенье 10:00-22:00";"";"нет";"";"нет";"";"нет";"нет";"нет";"нет";"нет";"нет";"нет";"01.12-31.03";"10 5 2";"смешанное освещение";"натуральный лед";"0";"бесплатно";"";"";"общая физическая подготовка";"{""coordinates"":[37.6755833687227,55.7353106901679],""type"":""Point""}";"";"";
"1266752907";"Досуговый центр «Мастер»";"ледяная горка";"d2a8d2ed-910f-47be-9719-451b32373686";"Центральный административный округ";"Таганский район";"Библиотечная улица, дом 6";"ur_tagansky@mos.ru";"tagan.mos.ru";"(495) 911-12-81";"";"понедельник 09:00-20:00,вторник 09:00-20:00,среда 09:00-20:00,четверг 09:00-20:00,пятница 09:00-20:00,суббота 09:00-20:00,воскресенье закрыто";"";"нет";"";"нет";"";"нет";"нет";"нет";"нет";"нет";"нет";"нет";"01.12-31.03";"10 5 2";"смешанное освещение";"натуральный снег";"0";"бесплатно";"";"";"общая физическая подготовка";"{""coordinates"":[37.6728608883558,55.7436724451236],""type"":""Point""}";"";"";
"1266752926";"Открытый ледовый каток «Каток на Чистых прудах»";"ледяная горка, Чистопрудный бульвар д.12";"c8bfbeb2-28b2-4f01-a713-3725589000a1";"Центральный административный округ";"Басманный район";"Чистопрудный бульвар, дом 12, строение 1";"ur-basman@mos.ru";"basman.mos.ru";"(495) 916-94-78";"";"понедельник 10:00-22:00,вторник 10:00-22:00,среда 10:00-22:00,четверг 10:00-22:00,пятница 10:00-22:00,суббота 10:00-22:00,воскресенье закрыто";"";"нет";"";"нет";"";"нет";"да";"да";"нет";"нет";"нет";"нет";"01.12-31.03";"1.5 1.5 1";"смешанное освещение";"натуральный лед";"0";"бесплатно";"";"";"общая физическая подготовка";"{""coordinates"":[37.6448271418614,55.7608802489557],""type"":""Point""}";"";"";
"1266753146";"Дворовая территория";"ледяная горка с деревянным каркасом на дворовой территории";"dacce3f6-6b62-40a1-9bc8-b3ad174e912c";"Восточный административный округ";"район Новокосино";"Городецкая улица, дом 9, корпус 2";"upravanovokosino@mos.ru";"novokosino.mos.ru";"(495) 701-44-65";"";"понедельник 10:00-22:00,вторник 10:00-22:00,среда 10:00-22:00,четверг 10:00-22:00,пятница 10:00-22:00,суббота 10:00-22:00,воскресенье 10:00-22:00";"";"нет";"";"нет";"";"нет";"нет";"нет";"нет";"нет";"нет";"нет";"01.12-31.03";"6 3.8 1.34";"смешанное освещение";"натуральный лед";"0";"бесплатно";"";"";"общая физическая подготовка";"{""coordinates"":[37.8686629543724,55.7403881614016],""type"":""Point""}";"";"";
"1266753156";"Дворовая территория";"ледяная горка с деревянным каркасом на дворовой территории";"8b94bab5-cde1-4586-ba33-3154de11de8b";"Восточный административный округ";"район Новокосино";"Новокосинская улица, дом 28";"upravanovokosino@mos.ru";"novokosino.mos.ru";"(495) 701-44-65";"";"понедельник 10:00-22:00,вторник 10:00-22:00,среда 10:00-22:00,четверг 10:00-22:00,пятница 10:00-22:00,суббота 10:00-22:00,воскресенье 10:00-22:00";"";"нет";"";"нет";"";"нет";"нет";"нет";"нет";"нет";"нет";"нет";"01.12-31.03";"5.1 3.8 1.34";"без дополнительного освещения";"натуральный лед";"0";"бесплатно";"";"";"общая физическая подготовка";"{""coordinates"":[37.8647677903519,55.7417419142417],""type"":""Point""}";"";"";
"1266753157";"Дворовая территория";"ледяная горка с деревянным каркасом на дворовой территории";"adbc8c7f-c18c-453c-b13a-0145321e99c9";"Восточный административный округ";"район Новокосино";"Новокосинская улица, дом 12, корпус 3";"upravanovokosino@mos.ru";"novokosino.mos.ru";"(495) 701-44-65";"";"понедельник 10:00-22:00,вторник 10:00-22:00,среда 10:00-22:00,четверг 10:00-22:00,пятница 10:00-22:00,суббота 10:00-22:00,воскресенье 10:00-22:00";"";"нет";"";"нет";"";"нет";"нет";"нет";"нет";"нет";"нет";"нет";"01.12-31.03";"10 5 2";"без дополнительного освещения";"натуральный лед";"0";"бесплатно";"";"";"общая физическая подготовка";"{""coordinates"":[37.8568455694504,55.7363287329324],""type"":""Point""}";"";"";
"1266753158";"Дворовая территория";"ледяная горка с деревянным каркасом на дворовой территории";"68733a02-0d89-4a63-ae7a-2bd7ac9c8c1c";"Восточный административный округ";"район Новокосино";"Новокосинская улица, дом 12, корпус 6";"upravanovokosino@mos.ru";"novokosino.mos.ru";"(495) 701-44-65";"";"понедельник 10:00-22:00,вторник 10:00-22:00,среда 10:00-22:00,четверг 10:00-22:00,пятница 10:00-22:00,суббота 10:00-22:00,воскресенье 10:00-22:00";"";"нет";"";"нет";"";"нет";"нет";"нет";"нет";"нет";"нет";"нет";"01.12-31.03";"5.1 3.8 1.34";"без дополнительного освещения";"натуральный лед";"0";"бесплатно";"";"";"общая физическая подготовка";"{""coordinates"":[37.8588905564945,55.736138473465],""type"":""Point""}";"";"";
"1266753271";"Дворовая территория";"ледяная горка на дворовой территории";"5694aed8-839e-472b-9a8a-3f4490ae865f";"Юго-Западный административный округ";"район Ясенево";"улица Инессы Арманд, дом 4, корпус 2";"soc.yasenevo@mail.ru";"yasenevo.mos.ru";"(495) 422-02-33";"";"понедельник 08:00-18:00,вторник 08:00-18:00,среда 08:00-18:00,четверг 08:00-18:00,пятница 08:00-18:00,суббота 08:00-18:00,воскресенье 08:00-18:00";"";"нет";"";"нет";"";"нет";"нет";"нет";"нет";"нет";"нет";"нет";"01.12-31.03";"45 15 3";"без дополнительного освещения";"натуральный лед";"0";"бесплатно";"";"";"общая физическая подготовка";"{""coordinates"":[37.5422527384578,55.5929769228574],""type"":""Point""}";"";"";
"1266753425";"Дворовая территория";"ледяная горка искусственная";"fe554dce-c922-4e76-bc74-e1c4452469b3";"Северо-Восточный административный округ";"район Отрадное";"Отрадная улица, дом 18";"otrorg@svao.mos.ru";"otradnoe.mos.ru";"(495) 708-44-69";"";"понедельник 08:00-22:00,вторник 08:00-22:00,среда 08:00-22:00,четверг 08:00-22:00,пятница 08:00-22:00,суббота 08:00-22:00,воскресенье 08:00-22:00";"";"нет";"";"нет";"";"нет";"нет";"нет";"нет";"нет";"нет";"нет";"01.12-31.03";"144 18 8";"без дополнительного освещения";"натуральный лед";"0";"бесплатно";"";"";"общая физическая подготовка";"{""coordinates"":[37.6172170107763,55.8545489407895],""type"":""Point""}";"";"";
"1266753829";"Дворовая территория";"ледяная горка на дворовой территории";"3e8ead48-9ba1-4dc9-8b6d-ce2d6d38db08";"Центральный административный округ";"Пресненский район";"Большая Грузинская улица, дом 20, строение 2";"uprpresn@mos.ru";"presnya.mos.ru";"(499) 259-70-90";"";"понедельник 10:00-20:00,вторник 10:00-20:00,среда 10:00-20:00,четверг 10:00-20:00,пятница 10:00-20:00,суббота 10:00-20:00,воскресенье закрыто";"";"нет";"";"нет";"";"нет";"нет";"нет";"нет";"нет";"нет";"нет";"01.12-31.03";"10 5 2";"освещение газоразрядными лампами";"натуральный лед";"0";"бесплатно";"";"";"общая физическая подготовка";"{""coordinates"":[37.5790700937027,55.7659732376734],""type"":""Point""}";"";"";
"1266753977";"Дворовая территория";"ледяная горка";"7c98b813-4fde-41c5-af94-e012fce3011f";"Зеленоградский административный округ";"район Крюково";"город Зеленоград, корпус 1529";"krukovo@mos.ru";"krukovo.mos.ru";"(499) 717-26-69";"";"понедельник 09:00-22:00,вторник 09:00-22:00,среда 09:00-22:00,четверг 09:00-22:00,пятница 09:00-22:00,суббота 09:00-22:00,воскресенье закрыто";"";"нет";"";"нет";"";"нет";"нет";"нет";"нет";"нет";"нет";"нет";"01.12-31.03";"18 6 3";"освещение газоразрядными лампами";"натуральный лед";"0";"бесплатно";"";"";"общая физическая подготовка";"{""coordinates"":[37.1583403163637,55.9820424019695],""type"":""Point""}";"";"";
"1266754456";"Дворовая территория";"ледяная горка";"6534c889-00e6-4204-bc35-563d2bbe32fc";"Южный административный округ";"район Бирюлёво Восточное";"Лебедянская улица, дом 4";"sovbr@uao.mos.ru";"bv.mos.ru";"(495) 329-63-00";"";"понедельник 08:00-22:00,вторник 08:00-22:00,среда 08:00-22:00,четверг 08:00-22:00,пятница 08:00-22:00,суббота 08:00-22:00,воскресенье закрыто";"";"нет";"";"нет";"";"нет";"нет";"нет";"нет";"нет";"нет";"нет";"01.12-31.03";"20 10 2";"без дополнительного освещения";"натуральный лед";"0";"бесплатно";"";"";"общая физическая подготовка";"{""coordinates"":[37.6615879136197,55.5857832838054],""type"":""Point""}";"";"";
"1266758574";"Дворовая территория";"ледяная горка на дворовой территории";"b1b9ef95-d756-4fcc-af16-7c66ce980d1b";"Восточный административный округ";"район Метрогородок";"Открытое шоссе, дом 28, строение 3";"metro@vao.mos.ru";"metrogorodok.mos.ru";"(499) 167-04-05";"";"понедельник 08:00-22:00,вторник 08:00-22:00,среда 08:00-22:00,четверг 08:00-22:00,пятница 08:00-22:00,суббота 08:00-22:00,воскресенье закрыто";"";"нет";"";"нет";"";"нет";"нет";"нет";"нет";"нет";"нет";"нет";"01.12-31.03";"3 3 1";"без дополнительного освещения";"натуральный лед";"0";"бесплатно";"";"";"общая физическая подготовка";"{""coordinates"":[37.7689132013969,55.8281578571532],""type"":""Point""}";"";"";
"1266759080";"Дворовая территория";"ледяная горка на дворовой территории";"33d36ca4-dd18-4785-bdb0-2c582b4e8d59";"Восточный административный округ";"район Гольяново";"Байкальская улица, дом 23";"info@post.gbugol.ru";"golyanovo.mos.ru/";"(495) 469-82-81";"";"понедельник 07:00-22:00,вторник 07:00-22:00,среда 07:00-22:00,четверг 07:00-22:00,пятница 07:00-22:00,суббота 07:00-22:00,воскресенье закрыто";"";"нет";"";"нет";"";"нет";"нет";"нет";"нет";"нет";"нет";"нет";"01.12-31.03";"4.5 3 1.5";"без дополнительного освещения";"натуральный лед";"0";"бесплатно";"";"";"общая физическая подготовка";"{""coordinates"":[37.8005120562267,55.8180408759951],""type"":""Point""}";"";"";
"1266759166";"Дворовая территория";"ледяная горка на дворовой территории";"581c1b28-a23d-4294-bf15-ff2627a7be26";"Восточный административный округ";"район Гольяново";"Щёлковское шоссе, дом 14";"gol@vao.mos.ru";"golyanovo.mos.ru/";"(495) 469-82-81";"";"понедельник 07:00-22:00,вторник 07:00-22:00,среда 07:00-22:00,четверг 07:00-22:00,пятница 07:00-22:00,суббота 07:00-22:00,воскресенье закрыто";"";"нет";"";"нет";"";"нет";"нет";"нет";"нет";"нет";"нет";"нет";"01.12-31.03";"4.5 3 1.5";"без дополнительного освещения";"натуральный лед";"0";"бесплатно";"";"";"общая физическая подготовка";"{""coordinates"":[37.7643711123495,55.8068283481122],""type"":""Point""}";"";"";
"1266759243";"Дворовая территория";"ледяная горка на дворовой территории";"62f621ef-4a1a-4846-89b7-41134df6ba8d";"Восточный административный округ";"район Гольяново";"Хабаровская улица, дом 10/30";"guisgol@yandex.ru";"гбу-гольяново.рф/";"(495) 469-82-81";"";"понедельник 07:00-22:00,вторник 07:00-22:00,среда 07:00-22:00,четверг 07:00-22:00,пятница 07:00-22:00,суббота 07:00-22:00,воскресенье закрыто";"";"нет";"";"нет";"";"нет";"нет";"нет";"нет";"нет";"нет";"нет";"01.12-31.03";"4.5 3 1.5";"без дополнительного освещения";"натуральный лед";"0";"бесплатно";"";"";"общая физическая подготовка";"{""coordinates"":[37.8300928842697,55.8191377999327],""type"":""Point""}";"";"";
"1266759562";"Дворовая территория";"ледяная горка";"9c420585-f046-4100-bbce-489cf555ce2d";"Центральный административный округ";"Таганский район";"Иерусалимская улица, дом 9";"ur_tagansky@mos.ru";"tagan.mos.ru/";"(495) 911-12-81";"";"понедельник 09:00-22:00,вторник 09:00-22:00,среда 09:00-22:00,четверг 09:00-22:00,пятница 09:00-22:00,суббота 09:00-22:00,воскресенье закрыто";"";"нет";"";"нет";"";"нет";"нет";"нет";"нет";"нет";"нет";"нет";"01.12-31.03";"10 5 2";"смешанное освещение";"натуральный лед";"0";"бесплатно";"";"";"общая физическая подготовка";"{""coordinates"":[37.6760732806288,55.7310198617164],""type"":""Point""}";"";"";
"1266759590";"Дворовая территория";"ледяная горка на дворовой территории";"06392f05-5dbc-4194-8bb1-9329256301da";"Восточный административный округ";"район Гольяново";"Щёлковское шоссе, дом 95";"gol@vao.mos.ru";"golyanovo.mos.ru/";"(495) 469-82-81";"";"понедельник 09:00-21:00,вторник 09:00-21:00,среда 09:00-21:00,четверг 09:00-21:00,пятница 09:00-21:00,суббота 09:00-21:00,воскресенье 09:00-21:00";"";"нет";"";"нет";"";"нет";"нет";"нет";"нет";"нет";"нет";"нет";"01.12-31.03";"4.5 3 1.5";"без дополнительного освещения";"натуральный лед";"0";"бесплатно";"";"";"общая физическая подготовка";"{""coordinates"":[37.8333247163892,55.8144189683664],""type"":""Point""}";"";"";
"1266759660";"Дворовая территория";"ледяная горка";"d5190f47-5a42-49da-922d-68501f6836a1";"Восточный административный округ";"район Соколиная Гора";"Вельяминовская улица, дом 6";"taty_sgora@mail.ru";"sokolinka.mos.ru";"(499) 785-02-91";"";"понедельник 07:00-22:00,вторник 07:00-22:00,среда 07:00-22:00,четверг 07:00-22:00,пятница 07:00-22:00,суббота 07:00-22:00,воскресенье закрыто";"";"нет";"";"нет";"";"нет";"нет";"нет";"нет";"нет";"нет";"нет";"01.12-31.03";"21 7 3";"без дополнительного освещения";"натуральный лед";"0";"бесплатно";"";"";"общая физическая подготовка";"{""coordinates"":[37.7242314140352,55.7808436164526],""type"":""Point""}";"";"";
"1266761137";"Дворовая территория";"ледяная горка";"176cec8f-3ed2-4989-988a-5b86544b0bea";"Западный административный округ";"район Кунцево";"улица Академика Павлова, дом 48";"uprava-kuntsevo@mos.ru";"kuntsevo.mos.ru/";"(499) 141-25-36";"";"понедельник 07:00-23:00,вторник 07:00-23:00,среда 07:00-23:00,четверг 07:00-23:00,пятница 07:00-23:00,суббота 07:00-23:00,воскресенье 07:00-23:00";"";"нет";"";"нет";"";"нет";"нет";"нет";"нет";"нет";"нет";"нет";"01.12-31.03";"3 3 1";"без дополнительного освещения";"натуральный лед";"0";"бесплатно";"";"";"общая физическая подготовка";"{""coordinates"":[37.4083882612381,55.7451060328493],""type"":""Point""}";"";"";
"1266761224";"Дворовая территория";"ледяная горка";"459f0f12-6968-4bd7-b45e-c1af1952d9f5";"Западный административный округ";"район Кунцево";"Полоцкая улица, дом 6, корпус 2";"uprava_kuncevo@mail.ru";"kuntsevo.mos.ru";"(499) 141-25-36";"";"понедельник 08:00-22:00,вторник 08:00-22:00,среда 08:00-22:00,четверг 08:00-22:00,пятница 08:00-22:00,суббота 08:00-22:00,воскресенье закрыто";"";"нет";"";"нет";"";"нет";"нет";"нет";"нет";"нет";"нет";"нет";"01.12-31.03";"8.8 3.5 2.5";"без дополнительного освещения";"натуральный лед";"0";"бесплатно";"";"";"общая физическая подготовка";"{""coordinates"":[37.4262178885088,55.7306101751808],""type"":""Point""}";"";"";
"1266762921";"Дворовая территория";"ледяная горка на дворовой территории";"647a2868-b4e7-494b-9460-1c4183196050";"Восточный административный округ";"район Сокольники";"3-я Сокольническая улица, дом 1";"gbusokolniki@pvao.ru";"gbusokolniki.ru";"(495) 132-21-22";"";"понедельник 08:00-22:00,вторник 08:00-22:00,среда 08:00-22:00,четверг 08:00-22:00,пятница 08:00-22:00,суббота 08:00-22:00,воскресенье 08:00-22:00";"";"нет";"";"нет";"";"нет";"нет";"нет";"нет";"нет";"нет";"нет";"01.12-31.03";"6 4 1.5";"без дополнительного освещения";"натуральный лед";"0";"бесплатно";"";"";"общая физическая подготовка";"{""coordinates"":[37.682008291996,55.7856273546125],""type"":""Point""}";"";"";
"1266763237";"Дворовая территория";"ледяная горка на дворовой территории";"fb2be4be-6829-4309-8622-ea4fe463acdb";"Центральный административный округ";"район Хамовники";"Усачёва улица, дом 29, корпус 8";"gbu.zhilishnik.hamovniki@gmail.com";"gbu-hamovniki.ru/";"(499) 242-52-04";"";"понедельник 10:00-22:00,вторник 10:00-22:00,среда 10:00-22:00,четверг 10:00-22:00,пятница 10:00-22:00,суббота 10:00-22:00,воскресенье закрыто";"";"нет";"";"нет";"";"нет";"нет";"нет";"нет";"нет";"нет";"нет";"01.11-31.03";"6 5 1.2";"смешанное освещение";"натуральный лед";"0";"бесплатно";"";"";"общая физическая подготовка";"{""coordinates"":[37.5633845912272,55.7235616811088],""type"":""Point""}";"";"";
"1266763248";"Дворовая территория";"ледяная горка на дворовой территории";"7c97a37e-3ae6-4cc6-b28f-d989d91947f6";"Центральный административный округ";"район Хамовники";"Комсомольский проспект, дом 15, строение 1";"gbu.zhilishnik.hamovniki@gmail.com";"gbu-hamovniki.ru/";"(499) 242-52-04";"";"понедельник 08:00-21:00,вторник 08:00-21:00,среда 08:00-21:00,четверг 08:00-21:00,пятница 08:00-21:00,суббота 08:00-21:00,воскресенье 08:00-21:00";"";"нет";"";"нет";"";"нет";"нет";"нет";"нет";"нет";"нет";"нет";"01.11-31.03";"5 5 1";"освещение лампами накаливания";"натуральный лед";"0";"бесплатно";"";"";"общая физическая подготовка";"{""coordinates"":[37.5883624338841,55.7296265972573],""type"":""Point""}";"";"";
"1266763253";"Дворовая территория";"ледяная горка на дворовой территории";"5c88e579-2df0-4a91-93a3-ca5f8a0f503e";"Восточный административный округ";"район Восточное Измайлово";"Сиреневый бульвар, дом 42/22, корпус 1";"v_izm@vao.mos.ru";"v-izm.mos.ru";"(495) 645-86-39";"";"понедельник 08:00-22:00,вторник 08:00-22:00,среда 08:00-22:00,четверг 08:00-22:00,пятница 08:00-22:00,суббота 08:00-22:00,воскресенье закрыто";"";"нет";"";"нет";"";"нет";"нет";"нет";"нет";"нет";"нет";"нет";"01.12-31.03";"21 7 3";"смешанное освещение";"натуральный лед";"0";"бесплатно";"";"";"общая физическая подготовка";"{""coordinates"":[37.8134140102232,55.8022049012442],""type"":""Point""}";"";"";
"1266763559";"Дворовая территория";"ледяная горка на дворовой территории";"b916b586-43e8-472c-bee8-f99ead887cee";"Восточный административный округ";"район Восточный";"улица 9 Мая, дом 11";"gbujv@mail.ru";"vostochniy.mos.ru";"(499) 780-67-70";"";"понедельник 08:00-22:00,вторник 08:00-22:00,среда 08:00-22:00,четверг 08:00-22:00,пятница 08:00-22:00,суббота 08:00-22:00,воскресенье закрыто";"";"нет";"";"нет";"";"нет";"нет";"нет";"нет";"нет";"нет";"нет";"01.12-31.03";"7.5 5 1.5";"без дополнительного освещения";"натуральный лед";"0";"бесплатно";"";"";"общая физическая подготовка";"{""coordinates"":[37.8663912698364,55.8179398699835],""type"":""Point""}";"";"";
"1266763776";"Дворовая территория";"ледяная горка на дворовой территории";"2c361907-fbe9-4d35-858f-3a3f4379c32b";"Восточный административный округ";"район Восточный";"Главная улица, дом 12";"gbujv@mail.ru";"vostochniy.mos.ru";"(499) 780-67-70";"";"понедельник 08:00-20:00,вторник 08:00-20:00,среда 08:00-20:00,четверг 08:00-20:00,пятница 08:00-20:00,суббота 08:00-20:00,воскресенье 08:00-20:00";"";"нет";"";"нет";"";"нет";"нет";"нет";"нет";"нет";"нет";"нет";"01.12-31.03";"3 2 1.5";"без дополнительного освещения";"натуральный лед";"0";"бесплатно";"";"";"общая физическая подготовка";"{""coordinates"":[37.8663451107014,55.8178927174847],""type"":""Point""}";"";"";
"1266770421";"Дворовая территория";"ледяная горка на дворовой территории";"6434816b-7821-4cb5-a92a-2e2501a2b404";"Восточный административный округ";"район Перово";"Новогиреевская улица, дом 4, корпус 2";"gbu-perovo@mail.ru";"perovo.mos.ru";"(495) 304-18-40";"";"понедельник 07:00-22:00,вторник 07:00-22:00,среда 07:00-22:00,четверг 07:00-22:00,пятница 07:00-22:00,суббота 07:00-22:00,воскресенье закрыто";"";"нет";"";"нет";"";"нет";"нет";"нет";"нет";"нет";"нет";"нет";"01.12-31.03";"7.5 5 1.5";"без дополнительного освещения";"натуральный лед";"0";"бесплатно";"";"";"общая физическая подготовка";"{""coordinates"":[37.7896025908038,55.7644010642258],""type"":""Point""}";"";"";
"1266770469";"Дворовая территория";"ледяная горка на дворовой территории";"fe30e0e1-43ca-4ed6-b219-cb131bc69d69";"Восточный административный округ";"район Перово";"Новогиреевская улица, дом 16, корпус 1";"gbu-perovo@mail.ru";"perovo.mos.ru";"(495) 304-18-40";"";"понедельник 07:00-22:00,вторник 07:00-22:00,среда 07:00-22:00,четверг 07:00-22:00,пятница 07:00-22:00,суббота 07:00-22:00,воскресенье закрыто";"";"нет";"";"нет";"";"нет";"нет";"нет";"нет";"нет";"нет";"нет";"01.12-31.03";"6 5 1.2";"смешанное освещение";"натуральный лед";"0";"бесплатно";"";"";"общая физическая подготовка";"{""coordinates"":[37.7920767437957,55.7607402319589],""type"":""Point""}";"";"";
"1266771226";"Дворовая территория";"ледяная горка на дворовой территории";"20107ccb-b493-4743-a54d-cfc3a2bc12f1";"Восточный административный округ";"район Перово";"улица Плеханова, дом 25, корпус 6";"gbu-perovo@mail.ru";"perovo.mos.ru";"(495) 302-52-96";"";"понедельник 07:00-22:00,вторник 07:00-22:00,среда 07:00-22:00,четверг 07:00-22:00,пятница 07:00-22:00,суббота 07:00-22:00,воскресенье 07:00-22:00";"";"нет";"";"нет";"";"нет";"нет";"нет";"нет";"нет";"нет";"нет";"01.12-31.03";"6 5 1.2";"смешанное освещение";"натуральный лед";"0";"бесплатно";"";"";"общая физическая подготовка";"{""coordinates"":[37.7681610876144,55.7440482382601],""type"":""Point""}";"";"";
"1266771412";"Дворовая территория";"ледяная горка на дворовой территории";"b637b62a-a664-46bc-9b1a-c224f198cd3c";"Восточный административный округ";"район Преображенское";"Большая Черкизовская улица, дом 22, корпус 6";"Uprava-Preobr@mos.ru";"preobr.mos.ru/";"(499) 161-31-61";"";"понедельник 08:00-22:00,вторник 08:00-22:00,среда 08:00-22:00,четверг 08:00-22:00,пятница 08:00-22:00,суббота 08:00-22:00,воскресенье закрыто";"";"нет";"";"нет";"";"нет";"нет";"нет";"нет";"нет";"нет";"нет";"01.12-31.03";"4.5 3 1.5";"без дополнительного освещения";"натуральный лед";"0";"бесплатно";"";"";"общая физическая подготовка";"{""coordinates"":[37.7355925503603,55.7954232459009],""type"":""Point""}";"";"";
"1266771454";"Дворовая территория";"ледяная горка на дворовой территории";"9d61493b-7093-4c18-bc8f-a0c6cfdd7e95";"Восточный административный округ";"район Преображенское";"Большая Черкизовская улица, дом 16/2";"gbu-law@list.ru";"preobr.mos.ru";"(499) 161-31-61";"";"понедельник 07:00-22:00,вторник 07:00-22:00,среда 07:00-22:00,четверг 07:00-22:00,пятница 07:00-22:00,суббота 07:00-22:00,воскресенье закрыто";"";"нет";"";"нет";"";"нет";"нет";"нет";"нет";"нет";"нет";"нет";"01.12-31.03";"6 4 1.5";"без дополнительного освещения";"натуральный лед";"0";"бесплатно";"";"";"общая физическая подготовка";"{""coordinates"":[37.7267740963058,55.7974499796354],""type"":""Point""}";"";"";
"1266771472";"Дворовая территория";"ледяная горка на дворовой территории";"16ef8f26-1f94-4a73-b1c5-91b76869c8da";"Восточный административный округ";"район Преображенское";"Открытое шоссе, дом 2, корпус 6";"Uprava-Preobr@mos.ru";"preobr.mos.ru";"(499) 161-31-61";"";"понедельник 08:00-22:00,вторник 08:00-22:00,среда 08:00-22:00,четверг 08:00-22:00,пятница 08:00-22:00,суббота 08:00-22:00,воскресенье закрыто";"";"нет";"";"нет";"";"нет";"нет";"нет";"нет";"нет";"нет";"нет";"01.12-31.03";"6 4 1.5";"без дополнительного освещения";"натуральный лед";"0";"бесплатно";"";"";"общая физическая подготовка";"{""coordinates"":[37.7288669695966,55.8073001421471],""type"":""Point""}";"";"";
"1266772411";"Дворовая территория";"ледяная горка на дворовой территории";"939aff67-12ae-4797-a8e4-18c7902efdb7";"Восточный административный округ";"район Ивановское";"Челябинская улица, дом 15, сооружение 1";"ivanovskoe@mos.ru";"ivanovskoe.mos.ru/";"(495) 918-98-44";"";"понедельник 08:00-18:00,вторник 08:00-18:00,среда 08:00-18:00,четверг 08:00-18:00,пятница 08:00-18:00,суббота 08:00-18:00,воскресенье закрыто";"";"нет";"";"нет";"";"нет";"нет";"нет";"нет";"нет";"нет";"нет";"01.12-31.03";"6 3 2";"без дополнительного освещения";"натуральный лед";"0";"бесплатно";"";"";"общая физическая подготовка";"{""coordinates"":[37.8289645198517,55.7786164706098],""type"":""Point""}";"";"";
"1266920845";"Дворовая территория";"ледяная горка на дворовой территории";"809a230a-ea97-4a88-b013-5bcf64de5d7c";"Восточный административный округ";"район Новогиреево";"Перовская улица, дом 46, корпус 5";"pref-vao@mos.ru";"vao.mos.ru";"(495) 303-62-34";"";"понедельник 08:00-23:00,вторник 08:00-23:00,среда 08:00-23:00,четверг 08:00-23:00,пятница 08:00-23:00,суббота 08:00-23:00,воскресенье закрыто";"";"нет";"";"нет";"";"нет";"нет";"нет";"нет";"нет";"нет";"нет";"01.12-31.03";"3 3 1";"смешанное освещение";"натуральный лед";"0";"бесплатно";"";"";"общая физическая подготовка";"{""coordinates"":[37.7852422847252,55.7437568799691],""type"":""Point""}";"";"";
"1266920857";"Дворовая территория";"ледяная горка на дворовой территории";"fc6a7e6b-4023-4107-9454-7e4c364619a7";"Восточный административный округ";"район Измайлово";"9-я Парковая улица, дом 50, корпус 1";"izmaylovo@vao.mos.ru";"izmaylowo.mos.ru";"(495) 652-07-31";"";"понедельник 09:00-22:00,вторник 09:00-22:00,среда 09:00-22:00,четверг 09:00-22:00,пятница 09:00-22:00,суббота 09:00-22:00,воскресенье 09:00-22:00";"";"нет";"";"нет";"";"нет";"нет";"нет";"нет";"нет";"нет";"нет";"01.12-31.03";"3 3 1";"освещение светодиодными лампами";"натуральный лед";"0";"бесплатно";"";"";"общая физическая подготовка";"{""coordinates"":[37.7995125454083,55.8008291219943],""type"":""Point""}";"";"";
"2402238971";"Парк, озелененная городская территория «Парк 50-летия Октября»";"ледяная горка";"6bf3cb14-6c33-4980-b1c2-21e02c7cd0f9";"Западный административный округ";"район Проспект Вернадского";"улица Удальцова, дом 22, корпус 2";"info@parkfili.com";"parkfili.com";"(499) 145-00-00";"";"понедельник 09:00-21:00,вторник 09:00-21:00,среда 09:00-21:00,четверг 09:00-21:00,пятница 09:00-21:00,суббота 09:00-21:00,воскресенье закрыто";"";"нет";"";"нет";"";"да";"да";"да";"да";"нет";"нет";"нет";"01.12-31.03";"200 80 2.5";"смешанное освещение";"натуральный лед";"0";"платно";"";"";"общая физическая подготовка";"{""coordinates"":[37.5072183678123,55.6792123795713],""type"":""Point""}";"";"";
"2402239152";"Парк, озелененная городская территория «Перовский»";"ледяная горка";"c16c06c9-4b9f-4b24-826b-bff7f4e5a242";"Восточный административный округ";"район Перово";"улица Лазо, дом 7";"ppkio@mail.ru";"www.perovskiy-park.ru";"(495) 309-53-42";"";"понедельник 10:00-21:00,вторник 10:00-21:00,среда 10:00-21:00,четверг 10:00-21:00,пятница 10:00-21:00,суббота 10:00-21:00,воскресенье 10:00-21:00";"";"нет";"";"да";"";"нет";"да";"да";"да";"нет";"нет";"да";"01.12-31.03";"40 10 4";"без дополнительного освещения";"искусственный лед";"0";"платно";"";"";"общая физическая подготовка";"{""coordinates"":[37.7750961221082,55.7408384822188],""type"":""Point""}";"";"";
"2404777147";"Дворовая территория";"ледяная горка";"76c2e83b-d87c-45a4-890a-abadab5130d2";"Зеленоградский административный округ";"район Савёлки";"Озёрная аллея, дом 4, строение 1";"zelao-savelki@mos.ru";"savelki.mos.ru";"(499) 734-20-71";"";"понедельник 08:00-22:00,вторник 08:00-22:00,среда 08:00-22:00,четверг 08:00-22:00,пятница 08:00-22:00,суббота 08:00-22:00,воскресенье закрыто";"";"нет";"";"нет";"";"нет";"нет";"нет";"нет";"нет";"нет";"нет";"30.12-31.03";"60 20 3";"без дополнительного освещения";"натуральный лед";"0";"бесплатно";"";"";"общая физическая подготовка";"{""coordinates"":[37.2267931912544,55.9872825299616],""type"":""Point""}";"";"";
"2425372164";"Государственное автономное учреждение культуры города Москвы «Парк культуры и отдыха «Бабушкинский»";"ледяная горка в парке";"f40ce1d7-a01d-4c28-9295-f28d00d29f22";"Северо-Восточный административный округ";"Лосиноостровский район";"улица Менжинского, дом 6";"info@bapark.ru";"www.bapark.ru";"(499) 184-34-22";"";"понедельник 07:00-23:00,вторник 07:00-23:00,среда 07:00-23:00,четверг 07:00-23:00,пятница 07:00-23:00,суббота 07:00-23:00,воскресенье закрыто";"";"нет";"";"да";"Заточка коньков 200 рублей-пара";"да";"да";"да";"да";"нет";"нет";"да";"01.12-28.02";"6 3 2";"смешанное освещение";"натуральный снег";"0";"бесплатно";"";"";"общая физическая подготовка";"{""coordinates"":[37.6843695532947,55.8689459392373],""type"":""Point""}";"";"";
